Name,Address
Butcher jr. by Lanpengyou,台北市中山區南京西路12巷13弄3號
Chef 78,台北市中正區市民大道三段8號403櫃位
Gros Bec（法式旋轉烤雞）,台北市大同區萬全街28-2號
一茶一瓦 OTOT (一號糧倉店),台北市松山區八德路二段346巷3弄2號
京都八坂,台北市中山區林森北路119巷22號
京都清水 (京都八坂姐妹店/分店),新北市林口區忠孝路51號
伊藤屋,台北市中正區懷寧街6號1樓
六松今苑SUKI (誠品南西店),台北市中山區南京西路14號B1美食街
凱撒披薩 Caesar's Pizza (北投店),台北市北投區中央北路二段408號1樓
Creative Pasta 創義麵 (信義店),台北市信義區莊敬路327號
墨竹亭 (北車店),台北市中正區忠孝西路一段96號
小小麥 (台北南西店),台北市大同區南京西路338號1樓
小美拉麵,新北市三重區重新路二段142號
Shaunifay Diner 尚尼菲餐館,臺北市大同區斯文里承德路三段143巷22號1樓
康城傳統滷肉飯,新北市三重區重新路二段20號1樓
慶城海南雞飯,臺北市松山區中正里慶城街16巷8號
易易海南雞飯,台北市士林區大南路89之9號
星廚饌 (上新莊店),新北市新莊區中和街91號
森饌鍋物,新北市中和區冠穗里莒光路119號
滴滴牛排,新北市蘆洲區永安北路二段8巷8號
白霧時光 (新板傑仕堡門市),新北市板橋區縣民大道二段275號
福刈包,台北市中山區長安東路一段53巷16號
稲町家 洋食•喫茶,台北市大同區南京西路18巷6弄3-2號
章邖·café,台北市大安區敦化南路一段187巷63號1樓
竣師父牛肉麵 (敦化店),台北市大安區忠孝東路四段216巷33弄6號1樓
筑前屋 延吉所,台北市大安區光復南路260巷45號
美濃屋,台北市中山區新生北路一段108-1號
肥前屋,台北市中山區中山北路一段121巷13號
華承軒 麵館,臺北市中山區中山北路一段136號
萬媽媽麵攤,台北市中山區林森北路133巷51號
萬華小米蛋餅,台北市萬華區康定路85號
識食餐室 | ZEST DINER,106 臺北市大安區信義路四段 30 巷 54 號 1 樓
貴族世家 (板新店),新北市板橋區中山路一段279號
野毛洋食屋,台北市中山區八德路二段327號1樓
金晶雞 | GINGIN CHICKEN,臺北市中正區忠孝東路一段166號1樓
金海拉麵,新北市永和區中正路159號
銀魚泰式料理 (松江店),台北市中山區松江路140巷7-1號
阿興滷肉飯,台北市中山區林森北路133巷74號1樓
阿花蕎麥麵,台北市中山區中山北路二段59巷60號
青嬌膠原麵館,台北市中正區濟南路二段9號1樓
食在—丼飯、咖哩飯,新北市板橋區民族路243號
高。嘉義涼麵,台北市中山區林森北路153號
鳴川拉麵,新北市蘆洲區光華路161號
